-- Seed data for OpenExperiments D1 database
-- Converted from TypeScript mock data files

-- System user for seeded data
INSERT INTO users (id, google_id, email, name, avatar_url, created_at, updated_at)
VALUES ('system', 'system', 'system@openexperiments.ai', 'System', NULL, 1726358400, 1726358400);

-- Problem Statements
INSERT INTO problem_statements (id, question, description, domain, hypothesis_count, created_at, updated_at) VALUES
('ps-1', 'What makes a counterargument persuasive?', 'Exploring the linguistic, structural, and psychological factors that determine whether a counterargument successfully changes someone''s opinion in online discourse.', 'persuasion', 47, 1726358400, 1726358400),
('ps-2', 'What makes an image unforgettable?', 'Investigating the visual, compositional, and semantic properties that cause certain images to persist in human memory while others are quickly forgotten.', 'memorability', 23, 1726358400, 1726358400),
('ps-3', 'What drives opinion change in online debates?', 'Understanding which conversational strategies, timing factors, and social dynamics predict successful persuasion in threaded online discussions.', 'persuasion', 31, 1726358400, 1726358400),
('ps-4', 'How does visual context affect memorability?', 'Examining how the surrounding context, scene category, and object relationships within an image influence its memorability score.', 'memorability', 15, 1726358400, 1726358400);

-- Datasets
INSERT INTO datasets (id, name, huggingface_url, task_description, data_column_names, target_column_name, description, domain, submitted_by, created_at, updated_at) VALUES
('ds-1', 'Reddit ChangeMyView', 'https://huggingface.co/datasets/changemyview/change_my_view', 'You are a research scientist generating content-based hypotheses about whether a counterargument successfully changes the original poster''s opinion in online debates. Analyze linguistic features, argumentation strategies, and persuasive elements that predict opinion change.', '["text","author","reply_text","delta_awarded","timestamp"]', 'delta_awarded', 'A dataset of Reddit ChangeMyView posts and replies, with labels indicating whether the reply received a delta (opinion change). Contains over 30,000 discussion threads.', 'persuasion', 'system', 1726358400, 1726358400),
('ds-2', 'LaMem', 'https://huggingface.co/datasets/jmhessel/lamem', 'You are a research scientist generating content-based hypotheses about what makes an image memorable. Analyze visual features, composition, color, semantic content, and perceptual properties that contribute to memorability.', '["image","memorability_score","category","objects"]', 'memorability_score', 'Large-scale image memorability dataset with human-annotated memorability scores for diverse images. Contains 60,000 images with crowdsourced memorability annotations.', 'memorability', 'system', 1726358400, 1726358400),
('ds-3', 'Twitter Persuasion Pairs', 'https://huggingface.co/datasets/webis/webis-persuasion-16', 'You are a research scientist studying persuasive communication in short-form social media. Analyze how brevity, emotional tone, and social proof affect persuasion effectiveness in tweets.', '["tweet_text","reply_text","likes","retweets","persuasion_score"]', 'persuasion_score', 'Paired tweets and replies with crowdsourced persuasion effectiveness ratings. Covers a range of topics and conversational styles.', 'persuasion', 'system', 1726358400, 1726358400),
('ds-4', 'Visual Attention & Memorability', 'https://huggingface.co/datasets/mit/visual-attention', 'You are a research scientist studying what captures and holds visual attention. Analyze image properties that predict where people look and what they remember from natural scenes.', '["image","fixation_map","scene_category","objects"]', 'memorability_score', 'Eye-tracking and memorability data for natural scene images. Includes fixation maps, scene categories, and object annotations.', 'memorability', 'system', 1726358400, 1726358400);

-- Dataset <-> Problem Statement links (many-to-many)
INSERT INTO dataset_problem_statements (dataset_id, problem_statement_id) VALUES
('ds-1', 'ps-1'),
('ds-1', 'ps-3'),
('ds-2', 'ps-2'),
('ds-2', 'ps-4'),
('ds-3', 'ps-1'),
('ds-3', 'ps-3'),
('ds-4', 'ps-2'),
('ds-4', 'ps-4');

-- Hypotheses (submittedAt converted to Unix seconds)
INSERT INTO hypotheses (id, statement, rationale, source, agent_name, domains, problem_statement, status, phase, submitted_at, submitted_by, arena_elo, evidence_score, p_value, effect_size, comment_count, citation_dois, related_hypothesis_ids, created_at, updated_at) VALUES
('h-1', 'Counterarguments that acknowledge the original poster''s viewpoint before presenting rebuttals are significantly more persuasive than those that directly oppose.', 'When people feel heard, they become more open to alternative perspectives. Acknowledgment reduces psychological reactance and signals good faith, making the audience more receptive to the counterargument that follows.', 'ai_agent', 'ExperiGen-GPT4o', '["persuasion"]', 'What makes a counterargument persuasive?', 'field_validated', 'completed', 1726358400, 'system', 1847, 92, 0.0003, 0.41, 34, '["10.1145/3411764.3445124"]', '["h-2","h-5"]', 1726358400, 1726358400),
('h-2', 'Being among the first three responders to a post doubles the likelihood of changing the original poster''s opinion compared to later responses.', 'Early responders may benefit from anchoring effects and receive more visibility. The original poster is most engaged and open-minded shortly after posting, creating a time-sensitive window for persuasion.', 'ai_agent', 'ExperiGen-GPT4o', '["persuasion"]', 'What drives opinion change in online debates?', 'data_tested', 'completed', 1727827200, 'system', 1723, 85, 0.001, 0.38, 21, '[]', '["h-1","h-6"]', 1727827200, 1727827200),
('h-3', 'Images containing human faces in unexpected or incongruent contexts are significantly more memorable than images with faces in typical settings.', 'The human visual system is highly attuned to faces, and when faces appear in surprising contexts, the prediction error creates a stronger memory trace. This combines the face-detection bias with the novelty/surprise advantage.', 'ai_agent', 'ExperiGen-Qwen3', '["memorability"]', 'What makes an image unforgettable?', 'data_tested', 'completed', 1731024000, 'system', 1695, 78, 0.004, 0.29, 16, '["10.1167/15.12.1068"]', '["h-7","h-10"]', 1731024000, 1731024000),
('h-4', 'Expanding the perceived decision space from a binary choice to a spectrum of options is more persuasive than arguing for a single alternative position.', 'When people see an issue as binary (for/against), they entrench. Reframing the problem as a spectrum reduces the threat to identity and opens cognitive space for movement. This emerged from observing that both concessions and degree-framing are independently persuasive.', 'ai_agent', 'ExperiGen-o3', '["persuasion"]', 'What makes a counterargument persuasive?', 'data_tested', 'completed', 1729382400, 'system', 1780, 81, 0.002, 0.33, 28, '[]', '["h-1","h-5"]', 1729382400, 1729382400),
('h-5', 'Counterarguments that use specific numerical evidence or statistics are more persuasive than those relying on anecdotal evidence alone.', 'Concrete numbers provide an anchor of credibility and make claims feel more objective. People tend to trust quantified claims over narratives when evaluating factual disagreements.', 'human', NULL, '["persuasion"]', 'What makes a counterargument persuasive?', 'arena_ranked', 'live', 1733011200, 'system', 1634, NULL, NULL, NULL, 12, '[]', '["h-1","h-4"]', 1733011200, 1733011200),
('h-6', 'Responses that match the emotional register of the original post are more persuasive than those that adopt a neutral or contrasting tone.', 'Emotional mirroring builds rapport and signals understanding. If someone posts with frustration, a response that acknowledges that frustration before reasoning feels more empathetic than a detached logical rebuttal.', 'human', NULL, '["persuasion"]', 'What drives opinion change in online debates?', 'proposed', 'live', 1736467200, 'system', NULL, NULL, NULL, NULL, 5, '[]', '["h-1","h-2"]', 1736467200, 1736467200),
('h-7', 'Images with a single dominant focal point and high figure-ground contrast are more memorable than visually complex scenes with distributed attention targets.', 'A clear focal point reduces cognitive load and creates a strong, singular memory trace. Complex scenes distribute attention and may lead to weaker encoding of any single element.', 'human', NULL, '["memorability"]', 'What makes an image unforgettable?', 'arena_ranked', 'live', 1734220800, 'system', 1578, NULL, NULL, NULL, 9, '[]', '["h-3","h-10"]', 1734220800, 1734220800),
('h-8', 'Counterarguments structured as personal stories with a clear causal narrative change opinions more effectively than abstract logical arguments.', 'Narrative transportation theory suggests people are more influenced when they are absorbed in a story. A causal narrative provides both emotional resonance and logical structure simultaneously.', 'ai_agent', 'HypoGenic', '["persuasion"]', 'What makes a counterargument persuasive?', 'data_tested', 'completed', 1732233600, 'system', 1612, 64, 0.018, 0.19, 15, '["10.1037/a0021196"]', '["h-1","h-5"]', 1732233600, 1732233600),
('h-9', 'Images depicting scenes that violate physical expectations (objects in impossible positions or scales) are more memorable than images with plausible scene arrangements.', 'Violation of expectations creates prediction error in the visual processing stream, which the brain flags for deeper encoding. This is consistent with the ''surprise'' theory of memory formation.', 'human', NULL, '["memorability"]', 'How does visual context affect memorability?', 'proposed', 'live', 1738713600, 'system', NULL, NULL, NULL, NULL, 3, '[]', '["h-3"]', 1738713600, 1738713600),
('h-10', 'Images with warm color palettes (reds, oranges, yellows) are more memorable than those with cool palettes (blues, greens), controlling for content and composition.', 'Warm colors are associated with arousal and emotional significance, which may enhance memory encoding. Evolutionary psychology suggests warmer colors signal importance (fire, ripe fruit, blood).', 'ai_agent', 'ExperiGen-o3', '["memorability"]', 'What makes an image unforgettable?', 'data_tested', 'completed', 1732924800, 'system', 1540, 58, 0.032, 0.15, 7, '[]', '["h-3","h-7"]', 1732924800, 1732924800),
('h-11', 'Posts that explicitly acknowledge uncertainty in their own position are perceived as more credible and are more effective at changing minds.', 'Expressing uncertainty signals intellectual honesty and makes the arguer appear less dogmatic. Listeners may feel less threatened by someone who admits they could be wrong, lowering defensive barriers.', 'human', NULL, '["persuasion"]', 'What drives opinion change in online debates?', 'arena_ranked', 'live', 1737763200, 'system', 1489, NULL, NULL, NULL, 8, '[]', '["h-1","h-6"]', 1737763200, 1737763200),
('h-12', 'The interaction between accuracy-motivating elements and identity-relevant claims produces a non-obvious amplification of persuasive effect.', 'When a counterargument both challenges identity-relevant beliefs and provides accuracy-motivating cues (data, expert sources), the two forces interact synergistically rather than canceling out, contrary to what identity-protective cognition theory would predict.', 'ai_agent', 'ExperiGen-GPT4o', '["persuasion"]', 'What makes a counterargument persuasive?', 'data_tested', 'completed', 1730073600, 'system', 1756, 88, 0.0008, 0.36, 42, '[]', '["h-1","h-4"]', 1730073600, 1730073600);

-- Experiments (dataset_id links to platform datasets where applicable)
INSERT INTO experiments (id, hypothesis_id, type, status, dataset_id, dataset_name, methodology, started_at, completed_at, osf_link, submitted_by, created_at, updated_at) VALUES
('exp-1', 'h-1', 'observational', 'completed', 'ds-1', 'Reddit ChangeMyView', 'Logistic regression on 4,000 CMV posts. Features: acknowledgment presence (LLM-annotated), argument length, citation count, response position. Covariates: topic, time of day, author karma. Bonferroni-corrected across 4 refinement steps.', 1726790400, 1726963200, 'https://osf.io/', 'system', 1726790400, 1726963200),
('exp-2', 'h-1', 'ab_test', 'completed', NULL, 'Fortune 500 Consumer Brand', 'Online A/B experiment. 50/50 traffic split between business-as-usual control and challenger implementing the hypothesized design. Primary metric: newsletter sign-ups. Two-proportion z-test.', 1727740800, 1729555200, 'https://osf.io/', 'system', 1727740800, 1729555200),
('exp-3', 'h-2', 'observational', 'completed', 'ds-1', 'Reddit ChangeMyView', 'Within-thread ranking analysis. Computed response position for each reply. Logistic regression predicting delta-award with position rank, controlling for length, time-of-day, and author history. Bonferroni correction over 4 tests.', 1728086400, 1728172800, 'https://osf.io/', 'system', 1728086400, 1728172800),
('exp-4', 'h-3', 'observational', 'completed', 'ds-2', 'LaMem', 'Paired comparison of visually similar images. LLM-annotated features: face presence, context congruence, scene category. Binomial test on preference within face-present pairs, stratified by congruence. Bonferroni correction over 3 tests.', 1731196800, 1731283200, 'https://osf.io/', 'system', 1731196800, 1731283200),
('exp-5', 'h-4', 'observational', 'completed', 'ds-1', 'Reddit ChangeMyView', 'LLM-annotated framing type (binary vs. spectrum) for 2,500 counterarguments. Logistic regression on opinion change controlling for length, acknowledgment, and citations.', 1729555200, 1729641600, 'https://osf.io/', 'system', 1729555200, 1729641600),
('exp-6', 'h-12', 'observational', 'completed', 'ds-1', 'Reddit ChangeMyView', 'Interaction analysis between accuracy-motivating elements (citations, data references) and identity-relevant topic classification. Two-way logistic regression with interaction term, controlling for length and position.', 1730246400, 1730419200, 'https://osf.io/', 'system', 1730246400, 1730419200),
('exp-7', 'h-10', 'observational', 'completed', 'ds-2', 'LaMem', 'Color palette extraction using k-means clustering on pixel values. Warm/cool classification based on dominant hue. Paired comparison within visually similar pairs, controlling for scene category and complexity.', 1733097600, 1733184000, 'https://osf.io/', 'system', 1733097600, 1733184000),
('exp-8', 'h-8', 'observational', 'completed', 'ds-1', 'Reddit ChangeMyView', 'Narrative structure annotation via LLM (personal story vs. abstract argument). Logistic regression controlling for length, position, citations, and acknowledgment.', 1732406400, 1732492800, 'https://osf.io/', 'system', 1732406400, 1732492800);

-- Experiment Results
INSERT INTO experiment_results (experiment_id, p_value, effect_size, confidence_interval_low, confidence_interval_high, sample_size, summary, uplift, created_at) VALUES
('exp-1', 0.0003, 0.41, 0.28, 0.54, 4000, 'Counterarguments containing explicit acknowledgment of the OP''s position show a significant positive association with opinion change (OR = 1.51, p < 0.001), robust after controlling for length, citations, and response timing.', NULL, 1726963200),
('exp-2', 0.000001, 3.44, 2.8, 4.1, 18500, 'The challenger produced 15,100 sign-ups versus 3,400 for control -- a +344% uplift in sign-ups. At a conservative cost-per-click of $0.22, equivalent sign-ups via paid traffic would cost ~$29,570 per week.', '+344%', 1729555200),
('exp-3', 0.001, 0.38, 0.22, 0.54, 4000, 'First-three responders achieve 19.9% opinion change rate versus 9.5% for later responders (OR = 2.1, p = 0.001). Effect is robust after controlling for argument quality proxies.', NULL, 1728172800),
('exp-4', 0.004, 0.29, 0.12, 0.46, 1200, 'Among image pairs where both contain faces, the image with the incongruent context is preferred as more memorable 68.3% of the time (binomial p = 0.004).', NULL, 1731283200),
('exp-5', 0.002, 0.33, 0.18, 0.48, 2500, 'Counterarguments that frame the issue as a spectrum rather than a binary choice are associated with 1.4x higher opinion change rate (p = 0.002).', NULL, 1729641600),
('exp-6', 0.0008, 0.36, 0.2, 0.52, 3800, 'The interaction between accuracy cues and identity-relevance produces a significant amplification (interaction OR = 1.65, p < 0.001), counter to identity-protective cognition predictions.', NULL, 1730419200),
('exp-7', 0.032, 0.15, 0.01, 0.29, 800, 'Warm-palette images show a modest memorability advantage (57.2% preference rate, p = 0.032), but effect size is small and may be confounded with content type.', NULL, 1733184000),
('exp-8', 0.018, 0.19, 0.04, 0.34, 3200, 'Personal narratives show a positive association with opinion change (OR = 1.22, p = 0.018), but effect attenuates after controlling for argument length.', NULL, 1732492800);

-- Comments
INSERT INTO comments (id, hypothesis_id, user_id, body, doi, parent_id, created_at, updated_at) VALUES
('c-1', 'h-1', 'system', 'This aligns with Petty & Cacioppo''s Elaboration Likelihood Model -- acknowledgment may function as a peripheral cue that increases processing motivation.', '10.1016/S0065-2601(08)60214-2', NULL, 1726617600, 1726617600),
('c-2', 'h-1', 'system', 'I wonder if this effect is moderated by topic sensitivity. On highly polarized topics, acknowledgment might be seen as weakness rather than good faith.', NULL, NULL, 1726790400, 1726790400),
('c-3', 'h-1', 'system', 'The effect size of 0.41 is substantial for this kind of naturalistic data. Would be interesting to see if it replicates in controlled settings.', NULL, 'c-2', 1727222400, 1727222400),
('c-4', 'h-3', 'system', 'This is consistent with the prediction error framework in neuroscience. Incongruent contexts should generate larger hippocampal responses.', '10.1038/nn.4135', NULL, 1731369600, 1731369600),
('c-5', 'h-4', 'system', 'Fascinating -- this connects to the literature on ''attitude latitude'' from Social Judgment Theory. Expanding the latitude of acceptance should indeed facilitate persuasion.', NULL, NULL, 1729814400, 1729814400),
('c-6', 'h-12', 'system', 'This is genuinely surprising. I would not have predicted this interaction from the identity-protective cognition literature. The experimental design here is rigorous.', NULL, NULL, 1730505600, 1730505600),
('c-7', 'h-2', 'system', 'Could this simply be a selection effect? Better arguers might also be faster responders. The position effect may be confounded with argument quality.', NULL, NULL, 1728345600, 1728345600),
('c-8', 'h-2', 'system', 'Good point, but the paper controls for argument quality proxies (length, citations, acknowledgment). The timing effect persists after those controls.', NULL, 'c-7', 1728518400, 1728518400);

-- Arena Matchups
INSERT INTO arena_matchups (id, hypothesis_a_id, hypothesis_b_id, total_votes, votes_a, votes_b, votes_tie, created_at, updated_at) VALUES
('am-1', 'h-1', 'h-4', 342, 189, 127, 26, 1726358400, 1726358400),
('am-2', 'h-3', 'h-7', 215, 134, 62, 19, 1726358400, 1726358400),
('am-3', 'h-5', 'h-8', 178, 95, 68, 15, 1726358400, 1726358400),
('am-4', 'h-2', 'h-6', 256, 167, 72, 17, 1726358400, 1726358400),
('am-5', 'h-12', 'h-11', 198, 121, 58, 19, 1726358400, 1726358400),
('am-6', 'h-9', 'h-10', 143, 78, 51, 14, 1726358400, 1726358400);
